,Human_rad1(CLP),Human_rad2(KGY),Human_trainee1(CHY),Human_trainee2(SUD),Human_ortho(NYH),Non_RAG_LLM,Naive_RAG_cLLM,Optimized_cLLM
Human_rad1(CLP),,0.1282,0.77952,0.19128,1.0,0.09268,1.0,0.6717
Human_rad2(KGY),0.1282,,1.0,0.46748,0.02598,0.20429,1.0,0.33483
Human_trainee1(CHY),0.77952,1.0,,0.15597,1.0,0.01539,0.00094,0.70994
Human_trainee2(SUD),0.19128,0.46748,0.15597,,0.57559,0.05549,1.0,0.39169
Human_ortho(NYH),1.0,0.02598,1.0,0.57559,,0.01545,0.24161,0.45171
Non_RAG_LLM,0.09268,0.20429,0.01539,0.05549,0.01545,,0.00026,0.12652
Naive_RAG_cLLM,1.0,1.0,0.00094,1.0,0.24161,0.00026,,0.05848
Optimized_cLLM,0.6717,0.33483,0.70994,0.39169,0.45171,0.12652,0.05848,
