,Human_rad1(CLP),Human_rad2(KGY),Human_trainee1(CHY),Human_trainee2(SUD),Human_ortho(NYH),Non_RAG_LLM,Naive_RAG_cLLM,Optimized_cLLM
Human_rad1(CLP),,0.09625,0.02006,1.0,0.01067,0.00107,1.0,0.04329
Human_rad2(KGY),0.09625,,0.0002,0.06357,2e-05,0.0,0.10775,0.69004
Human_trainee1(CHY),0.02006,0.0002,,0.01916,1.0,0.22952,0.0072,2e-05
Human_trainee2(SUD),1.0,0.06357,0.01916,,0.01612,0.00119,1.0,0.02896
Human_ortho(NYH),0.01067,2e-05,1.0,0.01612,,0.32694,0.01612,1e-05
Non_RAG_LLM,0.00107,0.0,0.22952,0.00119,0.32694,,9e-05,0.0
Naive_RAG_cLLM,1.0,0.10775,0.0072,1.0,0.01612,9e-05,,0.0169
Optimized_cLLM,0.04329,0.69004,2e-05,0.02896,1e-05,0.0,0.0169,
