,respondent,accuracy,macro_precision,weighted_precision,macro_recall,weighted_recall,macro_f1,weighted_f1,cohen_kappa
0,Human_rad1(CLP),0.6857142857142857,0.7171909436986575,0.6832097775996794,0.675,0.6857142857142857,0.6811061745272271,0.6711763174169189,0.554140127388535
1,Human_rad2(KGY),0.8,0.8607503607503608,0.8266955266955266,0.762142857142857,0.8,0.7923569727741171,0.7971715822760888,0.7149505526468878
2,Human_trainee1(CHY),0.4857142857142857,0.577331573655103,0.5351379013143719,0.4638095238095238,0.4857142857142857,0.47319688109161795,0.4729005052313323,0.27938232770946536
3,Human_trainee2(SUD),0.6714285714285714,0.6600378787878788,0.6372835497835497,0.6642857142857144,0.6714285714285714,0.6498572011423909,0.6427860348545783,0.5338737695425593
4,Human_ortho(NYH),0.4714285714285714,0.32598039215686275,0.3930672268907563,0.38023809523809526,0.4714285714285714,0.3488410835868463,0.4265251133047743,0.2332741267021906
5,Non_RAG_LLM,0.38571428571428573,0.3316176470588236,0.4231512605042017,0.32785714285714285,0.38571428571428573,0.2756598240469208,0.3322161709258484,0.14415695194768274
6,Naive_RAG_cLLM,0.6714285714285714,0.7083333333333334,0.7230158730158731,0.6223809523809524,0.6714285714285714,0.6335296817625459,0.6655373899865944,0.53921007441328
7,Optimized_cLLM,0.8428571428571429,0.8369047619047619,0.8658503401360544,0.8566666666666667,0.8428571428571429,0.8339414208979425,0.8422048965527225,0.7856347438752784
