,respondent,accuracy,macro_precision,weighted_precision,macro_recall,weighted_recall,macro_f1,weighted_f1,cohen_kappa
0,Human_rad1(CLP),0.7714285714285715,0.8261648745519713,0.7899385560675883,0.8047619047619047,0.7714285714285715,0.810294968189705,0.7750557712963727,0.6247906197654941
1,Human_rad2(KGY),0.8285714285714286,0.8767676767676768,0.8584415584415584,0.8066666666666666,0.8285714285714286,0.82605710719301,0.8316675211198538,0.7157360406091371
2,Human_trainee1(CHY),0.5857142857142857,0.700280112044818,0.6176470588235294,0.52,0.5857142857142857,0.5555555555555555,0.5680272108843537,0.2536764705882354
3,Human_trainee2(SUD),0.7571428571428571,0.8154761904761904,0.7767857142857143,0.8190476190476191,0.7571428571428571,0.8106377053745474,0.7585630743525479,0.6059602649006622
4,Human_ortho(NYH),0.5571428571428572,0.3698257080610022,0.4875116713352007,0.43238095238095237,0.5571428571428572,0.39675340176653134,0.5176482624560924,0.2222222222222222
5,Non_RAG_LLM,0.5571428571428572,0.4274193548387097,0.5339861751152073,0.3942857142857143,0.5571428571428572,0.3480162449234614,0.4700763154371401,0.14229249011857714
6,Naive_RAG_cLLM,0.7857142857142857,0.8317230273752013,0.8150448585231194,0.7076190476190476,0.7857142857142857,0.7435041630778065,0.7790851482711947,0.6223021582733813
7,Optimized_cLLM,0.8857142857142857,0.8687258687258687,0.9051296194153338,0.900952380952381,0.8857142857142857,0.8712121212121211,0.8858225108225107,0.8127090301003345
